ru_blue_choice,observed,p_value,effect_size
синий,0.07904555648565292,0.0081991800819918,-2.6444395963079597
голубой,0.07916092127561569,0.6774322567743226,-0.4176461339702061
